symbol,identifier,lastPrice,pChange,quantityTraded,totalTradedVolume,totalTradedValue,previousClose,exDate,purpose,yearHigh,yearLow,change,open,closePrice,dayHigh,dayLow,lastUpdateTime,Reason,relavant_columns,companyName,volume,week1AvgVolume,week1volChange,week2AvgVolume,week2volChange,ltp,turnover,series,open_price,high_price,low_price,prev_price,net_price,trade_quantity,market_type,ca_ex_dt,ca_purpose,perChange,date,name,clientName,buySell,qty,watp,remarks
MANAPPURAM,MANAPPURAMEQN,230.1,5.793103448275859,66064762.0,70369645.0,15839503393.050001,217.5,21-Feb-2025,INTERIM DIVIDEND - RE 1 PER SHARE,231.0,138.35,12.599999999999994,226.0,0.0,231.0,219.73,21-Mar-2025 11:16:45,Most Active by Value,"symbol, identifier, lastPrice, pChange, quantityTraded, totalTradedVolume, totalTradedValue, previousClose, exDate, purpose, yearHigh, yearLow, change, open, closePrice, dayHigh, dayLow, lastUpdateTime",,,,,,,,,,,,,,,,,,,,,,,,,,
BAJFINANCE,BAJFINANCEEQN,8889.0,2.41196361604443,1338010.0,1385166.0,12373230773.22,8679.65,21-Jun-2024,DIVIDEND - RS 36 PER SHARE,9089.0,6375.7,209.35000000000036,9039.95,0.0,9089.0,8831.0,21-Mar-2025 11:16:47,Most Active by Value,"symbol, identifier, lastPrice, pChange, quantityTraded, totalTradedVolume, totalTradedValue, previousClose, exDate, purpose, yearHigh, yearLow, change, open, closePrice, dayHigh, dayLow, lastUpdateTime",,,,,,,,,,,,,,,,,,,,,,,,,,
BSE,BSEEQN,4613.0,3.012438310890771,1988344.0,2236744.0,10266789164.640001,4478.1,14-Jun-2024,DIVIDEND - RS 15 PER SHARE,6133.4,1970.0,134.89999999999964,4489.0,0.0,4654.55,4455.1,21-Mar-2025 11:16:47,Most Active by Value,"symbol, identifier, lastPrice, pChange, quantityTraded, totalTradedVolume, totalTradedValue, previousClose, exDate, purpose, yearHigh, yearLow, change, open, closePrice, dayHigh, dayLow, lastUpdateTime",,,,,,,,,,,,,,,,,,,,,,,,,,
TEJASNET,TEJASNETEQN,825.5,16.185784658691063,10860395.0,11279561.0,9012707625.83,710.5,20-Jun-2024,ANNUAL GENERAL MEETING,1495.0,646.55,115.0,714.2,0.0,835.0,709.2,21-Mar-2025 11:16:47,Most Active by Value,"symbol, identifier, lastPrice, pChange, quantityTraded, totalTradedVolume, totalTradedValue, previousClose, exDate, purpose, yearHigh, yearLow, change, open, closePrice, dayHigh, dayLow, lastUpdateTime",,,,,,,,,,,,,,,,,,,,,,,,,,
JWL,JWLEQN,350.85,11.913875598086133,19805878.0,21128952.0,7368299430.96,313.5,07-Oct-2024,INTERIM DIVIDEND - RE 1 PER SHARE,748.1,270.05,37.35000000000002,313.9,0.0,362.8,312.05,21-Mar-2025 11:16:47,Most Active by Value,"symbol, identifier, lastPrice, pChange, quantityTraded, totalTradedVolume, totalTradedValue, previousClose, exDate, purpose, yearHigh, yearLow, change, open, closePrice, dayHigh, dayLow, lastUpdateTime",,,,,,,,,,,,,,,,,,,,,,,,,,
HDFCBANK,HDFCBANKEQN,1768.3,-0.025441696113076777,3500049.0,3924637.0,6924001580.88,1768.75,10-May-2024,DIVIDEND - RS 19.50 PER SHARE,1880.0,1421.25,-0.4500000000000455,1755.55,0.0,1772.95,1755.55,21-Mar-2025 11:16:47,Most Active by Value,"symbol, identifier, lastPrice, pChange, quantityTraded, totalTradedVolume, totalTradedValue, previousClose, exDate, purpose, yearHigh, yearLow, change, open, closePrice, dayHigh, dayLow, lastUpdateTime",,,,,,,,,,,,,,,,,,,,,,,,,,
TCS,TCSEQN,3589.85,0.7493369630804153,1787966.0,1846757.0,6519329223.55,3563.15,17-Jan-2025,INTERIM DIVIDEND - RS 10 PER SHARE SPECIAL DIVIDEND - RS 66 PER SHARE,4592.25,3457.0,26.699999999999818,3475.0,0.0,3596.75,3465.0,21-Mar-2025 11:16:48,Most Active by Value,"symbol, identifier, lastPrice, pChange, quantityTraded, totalTradedVolume, totalTradedValue, previousClose, exDate, purpose, yearHigh, yearLow, change, open, closePrice, dayHigh, dayLow, lastUpdateTime",,,,,,,,,,,,,,,,,,,,,,,,,,
HAL,HALEQN,3906.0,2.279422354312054,1497986.0,1672126.0,6517596001.54,3818.95,18-Feb-2025,INTERIM DIVIDEND - RS 25 PER SHARE,5674.75,2913.6,87.05000000000018,3849.0,0.0,3947.45,3812.5,21-Mar-2025 11:16:48,Most Active by Value,"symbol, identifier, lastPrice, pChange, quantityTraded, totalTradedVolume, totalTradedValue, previousClose, exDate, purpose, yearHigh, yearLow, change, open, closePrice, dayHigh, dayLow, lastUpdateTime",,,,,,,,,,,,,,,,,,,,,,,,,,
ICICIBANK,ICICIBANKEQN,1340.55,1.4261935386244917,4011235.0,4683540.0,6224893014.0,1321.7,12-Aug-2024,DIVIDEND - RS 10 PER SHARE,1362.35,1048.1,18.84999999999991,1316.0,0.0,1342.0,1311.6,21-Mar-2025 11:16:48,Most Active by Value,"symbol, identifier, lastPrice, pChange, quantityTraded, totalTradedVolume, totalTradedValue, previousClose, exDate, purpose, yearHigh, yearLow, change, open, closePrice, dayHigh, dayLow, lastUpdateTime",,,,,,,,,,,,,,,,,,,,,,,,,,
ZOMATO,ZOMATOEQN,222.33,-0.9533567960083693,24495460.0,25433474.0,5672682040.96,224.47,,,304.7,146.3,-2.1399999999999864,220.0,0.0,225.39,220.0,21-Mar-2025 11:16:44,Most Active by Value,"symbol, identifier, lastPrice, pChange, quantityTraded, totalTradedVolume, totalTradedValue, previousClose, exDate, purpose, yearHigh, yearLow, change, open, closePrice, dayHigh, dayLow, lastUpdateTime",,,,,,,,,,,,,,,,,,,,,,,,,,
KEI,KEIEQN,2867.05,0.9133786209566813,1851008.0,1915748.0,5553600192.16,2841.1,27-Jan-2025,INTERIM DIVIDEND - RS 4 PER SHARE,5039.7,2762.25,25.950000000000273,2892.0,0.0,2936.75,2853.0,21-Mar-2025 11:16:47,Most Active by Value,"symbol, identifier, lastPrice, pChange, quantityTraded, totalTradedVolume, totalTradedValue, previousClose, exDate, purpose, yearHigh, yearLow, change, open, closePrice, dayHigh, dayLow, lastUpdateTime",,,,,,,,,,,,,,,,,,,,,,,,,,
MAZDOCK,MAZDOCKEQN,2603.8,-1.1127568265542414,1880958.0,2029996.0,5287814780.64,2633.1,27-Dec-2024,FACE VALUE SPLIT (SUB-DIVISION) - FROM RS 10/- PER SHARE TO RS 5/- PER SHARE,2930.0,916.0,-29.299999999999727,2642.0,0.0,2651.1,2576.85,21-Mar-2025 11:16:47,Most Active by Value,"symbol, identifier, lastPrice, pChange, quantityTraded, totalTradedVolume, totalTradedValue, previousClose, exDate, purpose, yearHigh, yearLow, change, open, closePrice, dayHigh, dayLow, lastUpdateTime",,,,,,,,,,,,,,,,,,,,,,,,,,
INFY,INFYEQN,1590.7,-1.5381758534245247,3131026.0,3299187.0,5238449118.599999,1615.55,29-Oct-2024,INTERIM DIVIDEND - RS 21 PER SHARE,2006.45,1358.35,-24.84999999999991,1577.95,0.0,1603.9,1563.65,21-Mar-2025 11:16:48,Most Active by Value,"symbol, identifier, lastPrice, pChange, quantityTraded, totalTradedVolume, totalTradedValue, previousClose, exDate, purpose, yearHigh, yearLow, change, open, closePrice, dayHigh, dayLow, lastUpdateTime",,,,,,,,,,,,,,,,,,,,,,,,,,
MOBIKWIK,MOBIKWIKEQN,329.75,4.1041831097079715,13787865.0,14289168.0,4725427857.599999,316.75,,,698.3,231.1,13.0,318.1,0.0,340.5,315.3,21-Mar-2025 11:16:47,Most Active by Value,"symbol, identifier, lastPrice, pChange, quantityTraded, totalTradedVolume, totalTradedValue, previousClose, exDate, purpose, yearHigh, yearLow, change, open, closePrice, dayHigh, dayLow, lastUpdateTime",,,,,,,,,,,,,,,,,,,,,,,,,,
JIOFIN,JIOFINEQN,231.69,0.0,19285654.0,20000007.0,4660201631.07,231.69,,,394.7,198.65,0.0,232.0,0.0,235.94,231.13,21-Mar-2025 11:16:46,Most Active by Value,"symbol, identifier, lastPrice, pChange, quantityTraded, totalTradedVolume, totalTradedValue, previousClose, exDate, purpose, yearHigh, yearLow, change, open, closePrice, dayHigh, dayLow, lastUpdateTime",,,,,,,,,,,,,,,,,,,,,,,,,,
RELIANCE,RELIANCEEQN,1278.1,0.7051963912854916,3199698.0,3572653.0,4560634460.62,1269.15,28-Oct-2024,BONUS 1:1,1608.8,1156.0,8.949999999999818,1275.0,0.0,1280.55,1270.1,21-Mar-2025 11:16:47,Most Active by Value,"symbol, identifier, lastPrice, pChange, quantityTraded, totalTradedVolume, totalTradedValue, previousClose, exDate, purpose, yearHigh, yearLow, change, open, closePrice, dayHigh, dayLow, lastUpdateTime",,,,,,,,,,,,,,,,,,,,,,,,,,
BHARTIARTL,BHARTIARTLEQN,1707.85,0.15247031227092267,2340099.0,2597513.0,4433565064.05,1705.25,07-Aug-2024,DIVIDEND - RS 8 PER SHARE,1779.0,1183.1,2.599999999999909,1709.65,0.0,1714.0,1692.0,21-Mar-2025 11:16:43,Most Active by Value,"symbol, identifier, lastPrice, pChange, quantityTraded, totalTradedVolume, totalTradedValue, previousClose, exDate, purpose, yearHigh, yearLow, change, open, closePrice, dayHigh, dayLow, lastUpdateTime",,,,,,,,,,,,,,,,,,,,,,,,,,
KOTAKBANK,KOTAKBANKEQN,2078.9,2.1246284970402574,1694867.0,2032377.0,4190537812.5299997,2035.65,19-Jul-2024,DIVIDEND - RS 2 PER SHARE,2081.35,1543.85,43.25,2040.0,0.0,2082.25,2035.0,21-Mar-2025 11:16:47,Most Active by Value,"symbol, identifier, lastPrice, pChange, quantityTraded, totalTradedVolume, totalTradedValue, previousClose, exDate, purpose, yearHigh, yearLow, change, open, closePrice, dayHigh, dayLow, lastUpdateTime",,,,,,,,,,,,,,,,,,,,,,,,,,
OLAELEC,OLAELECEQN,56.15,8.58634693482885,63913168.0,75359550.0,4108602666.0,51.71,,,157.4,46.37,4.439999999999998,51.71,0.0,56.59,51.27,21-Mar-2025 11:16:47,Most Active by Value,"symbol, identifier, lastPrice, pChange, quantityTraded, totalTradedVolume, totalTradedValue, previousClose, exDate, purpose, yearHigh, yearLow, change, open, closePrice, dayHigh, dayLow, lastUpdateTime",,,,,,,,,,,,,,,,,,,,,,,,,,
BEL,BELEQN,297.21,0.05386298602927728,12058461.0,13688890.0,4087091887.2999997,297.05,11-Mar-2025,INTERIM DIVIDEND - RS 1.5 PER SHARE,340.5,182.5,0.15999999999996817,301.0,0.0,301.0,296.5,21-Mar-2025 11:16:44,Most Active by Value,"symbol, identifier, lastPrice, pChange, quantityTraded, totalTradedVolume, totalTradedValue, previousClose, exDate, purpose, yearHigh, yearLow, change, open, closePrice, dayHigh, dayLow, lastUpdateTime",,,,,,,,,,,,,,,,,,,,,,,,,,
SILVERADD,,,-1.06,,,,,,,,,,,,,,,Volume Gainers,"symbol, companyName, volume, week1AvgVolume, week1volChange, week2AvgVolume, week2volChange, ltp, pChange, turnover",DSP  Mutual Fund - DSP Silver ETF,1089248.0,67394.0,16.16234037943918,48799.0,22.321067396734776,95.34,1038.48904,,,,,,,,,,,,,,,,,,
COUNCODOS,,,6.44,,,,,,,,,,,,,,,Volume Gainers,"symbol, companyName, volume, week1AvgVolume, week1volChange, week2AvgVolume, week2volChange, ltp, pChange, turnover",Country Condo's Limited,1335316.0,112149.0,11.906624223131727,78391.0,17.033895170024376,6.45,89.86676,,,,,,,,,,,,,,,,,,
NUVOCO,,,9.55,,,,,,,,,,,,,,,Volume Gainers,"symbol, companyName, volume, week1AvgVolume, week1volChange, week2AvgVolume, week2volChange, ltp, pChange, turnover",Nuvoco Vistas Corporation Limited,1569820.0,147752.0,10.62469543559478,109292.0,14.363513590173865,333.9,5205.99406,,,,,,,,,,,,,,,,,,
JWL,,,11.91,,,,,,,,,,,,,,,Volume Gainers,"symbol, companyName, volume, week1AvgVolume, week1volChange, week2AvgVolume, week2volChange, ltp, pChange, turnover",Jupiter Wagons Limited,21128952.0,2307672.0,9.15595897892257,2475968.0,8.5336113336503,350.85,73682.9943,,,,,,,,,,,,,,,,,,
SANGINITA,,,11.51,,,,,,,,,,,,,,,Volume Gainers,"symbol, companyName, volume, week1AvgVolume, week1volChange, week2AvgVolume, week2volChange, ltp, pChange, turnover",Sanginita Chemicals Limited,873903.0,125386.0,6.969690444402972,102888.0,8.493689770965657,13.08,114.21912,,,,,,,,,,,,,,,,,,
INCREDIBLE,,,9.85,,,,,,,,,,,,,,,Volume Gainers,"symbol, companyName, volume, week1AvgVolume, week1volChange, week2AvgVolume, week2volChange, ltp, pChange, turnover",INCREDIBLE INDUSTRIES LIMITED,45557.0,6566.0,6.937895955165692,6576.0,6.926819626267695,37.01,16.80142,,,,,,,,,,,,,,,,,,
TBOTEK,,,-3.82,,,,,,,,,,,,,,,Volume Gainers,"symbol, companyName, volume, week1AvgVolume, week1volChange, week2AvgVolume, week2volChange, ltp, pChange, turnover",TBO Tek Limited,667637.0,97850.0,6.8230659172202355,111993.0,5.961390616419703,1221.15,8123.00585,,,,,,,,,,,,,,,,,,
MANUGRAPH,,,11.34,,,,,,,,,,,,,,,Volume Gainers,"symbol, companyName, volume, week1AvgVolume, week1volChange, week2AvgVolume, week2volChange, ltp, pChange, turnover",Manugraph India Limited,373395.0,55796.0,6.692122402600894,55659.0,6.708534181822755,19.84,74.1189,,,,,,,,,,,,,,,,,,
TEJASNET,,,16.19,,,,,,,,,,,,,,,Volume Gainers,"symbol, companyName, volume, week1AvgVolume, week1volChange, week2AvgVolume, week2volChange, ltp, pChange, turnover",Tejas Networks Limited,11279561.0,2047083.0,5.510064221125529,1568593.0,7.190877608731034,825.5,90127.07625,,,,,,,,,,,,,,,,,,
SMSLIFE,,,-0.83,,,,,,,,,,,,,,,Volume Gainers,"symbol, companyName, volume, week1AvgVolume, week1volChange, week2AvgVolume, week2volChange, ltp, pChange, turnover",SMS Lifesciences India Limited,2359.0,462.0,5.101643598615917,561.0,4.2004985754985755,1080.0,25.51659,,,,,,,,,,,,,,,,,,
ARMANFIN,,,13.35,,,,,,,,,,,,,,,Volume Gainers,"symbol, companyName, volume, week1AvgVolume, week1volChange, week2AvgVolume, week2volChange, ltp, pChange, turnover",Arman Financial Services Limited,197569.0,43121.0,4.581735117460171,42355.0,4.664519769476128,1418.4,2734.57228,,,,,,,,,,,,,,,,,,
CREDITACC,,,4.59,,,,,,,,,,,,,,,Volume Gainers,"symbol, companyName, volume, week1AvgVolume, week1volChange, week2AvgVolume, week2volChange, ltp, pChange, turnover",CREDITACCESS GRAMEEN LIMITED,3313844.0,746548.0,4.43888463821789,1889634.0,1.7536961256150065,1016.1,34182.96362,,,,,,,,,,,,,,,,,,
SUNDARMHLD,,,9.56,,,,,,,,,,,,,,,Volume Gainers,"symbol, companyName, volume, week1AvgVolume, week1volChange, week2AvgVolume, week2volChange, ltp, pChange, turnover",Sundaram Finance Holdings Limited,333947.0,80752.0,4.135423167989221,68000.0,4.910941962276803,320.55,1066.12579,,,,,,,,,,,,,,,,,,
MANAPPURAM,,,5.79,,,,,,,,,,,,,,,Volume Gainers,"symbol, companyName, volume, week1AvgVolume, week1volChange, week2AvgVolume, week2volChange, ltp, pChange, turnover",Manappuram Finance Limited,70369645.0,17052035.0,4.126759212254988,11875537.0,5.925596481196835,230.1,158395.03393,,,,,,,,,,,,,,,,,,
CELLO,,,4.97,,,,,,,,,,,,,,,Volume Gainers,"symbol, companyName, volume, week1AvgVolume, week1volChange, week2AvgVolume, week2volChange, ltp, pChange, turnover",Cello World Limited,1212288.0,299069.0,4.053536773429026,273479.0,4.432836000996054,571.55,6915.73935,,,,,,,,,,,,,,,,,,
GOLD1,,,-1.0,,,,,,,,,,,,,,,Volume Gainers,"symbol, companyName, volume, week1AvgVolume, week1volChange, week2AvgVolume, week2volChange, ltp, pChange, turnover",Kotak Mutual Fund - Gold Exchange Traded Fund,4120348.0,1186223.0,3.473500859956059,1406100.0,2.9303373970076954,74.29,3072.5435,,,,,,,,,,,,,,,,,,
GREENPOWER,,,6.76,,,,,,,,,,,,,,,Volume Gainers,"symbol, companyName, volume, week1AvgVolume, week1volChange, week2AvgVolume, week2volChange, ltp, pChange, turnover",Orient Green Power Company Limited,18628418.0,5389778.0,3.4562492047446995,4642041.0,4.01297963406833,13.27,2431.00854,,,,,,,,,,,,,,,,,,
TRF,,,13.27,,,,,,,,,,,,,,,Volume Gainers,"symbol, companyName, volume, week1AvgVolume, week1volChange, week2AvgVolume, week2volChange, ltp, pChange, turnover",TRF Limited,177898.0,52574.0,3.3837638376383765,44558.0,3.9924414311907666,390.1,686.59733,,,,,,,,,,,,,,,,,,
GODREJAGRO,,,2.51,,,,,,,,,,,,,,,Volume Gainers,"symbol, companyName, volume, week1AvgVolume, week1volChange, week2AvgVolume, week2volChange, ltp, pChange, turnover",Godrej Agrovet Limited,905255.0,273723.0,3.307191352431946,310787.0,2.9127827097014998,777.55,7132.95677,,,,,,,,,,,,,,,,,,
AKUMS,,,0.84,,,,,,,,,,,,,,,Volume Gainers,"symbol, companyName, volume, week1AvgVolume, week1volChange, week2AvgVolume, week2volChange, ltp, pChange, turnover",Akums Drugs and Pharmaceuticals Limited,618210.0,187636.0,3.2947302223453923,233486.0,2.647739050735376,509.95,3164.67881,,,,,,,,,,,,,,,,,,
LICNETFGSC,,,0.22,,,,,,,,,,,,,,,Volume Gainers,"symbol, companyName, volume, week1AvgVolume, week1volChange, week2AvgVolume, week2volChange, ltp, pChange, turnover",LIC MF - LIC MF G-sec LT ETF - GO,96252.0,30322.0,3.174245122482093,33456.0,2.8769727403156384,27.39,26.30567,,,,,,,,,,,,,,,,,,
NEWGEN,,,11.51,,,,,,,,,,,,,,,Volume Gainers,"symbol, companyName, volume, week1AvgVolume, week1volChange, week2AvgVolume, week2volChange, ltp, pChange, turnover",Newgen Software Technologies Limited,1004143.0,317678.0,3.160881042514091,269188.0,3.730255493542079,1072.85,10548.82345,,,,,,,,,,,,,,,,,,
AXISILVER,,,-1.18,,,,,,,,,,,,,,,Volume Gainers,"symbol, companyName, volume, week1AvgVolume, week1volChange, week2AvgVolume, week2volChange, ltp, pChange, turnover",Axis Mutual Fund - Axis Silver ETF,111832.0,36019.0,3.10478855721393,42440.0,2.6350115926184237,98.24,110.21043,,,,,,,,,,,,,,,,,,
SIS,,,8.35,,,,,,,,,,,,,,,Volume Gainers,"symbol, companyName, volume, week1AvgVolume, week1volChange, week2AvgVolume, week2volChange, ltp, pChange, turnover",SIS LIMITED,568986.0,185079.0,3.0742805520225374,163195.0,3.486527823054053,320.0,1782.86073,,,,,,,,,,,,,,,,,,
MENONBE,,,10.55,,,,,,,,,,,,,,,Volume Gainers,"symbol, companyName, volume, week1AvgVolume, week1volChange, week2AvgVolume, week2volChange, ltp, pChange, turnover",Menon Bearings Limited,181461.0,60506.0,2.999028205187533,50952.0,3.561382780791484,100.99,181.87836,,,,,,,,,,,,,,,,,,
IDEA,IDEAEQN,7.47,2.892561983471074,187188223.0,203261295.0,1506166195.95,7.26,20-Aug-2024,ANNUAL GENERAL MEETING,19.18,6.61,0.20999999999999996,7.28,0.0,7.52,7.24,21-Mar-2025 11:16:44,Most Active by Volume,"symbol, identifier, lastPrice, pChange, quantityTraded, totalTradedVolume, totalTradedValue, previousClose, exDate, purpose, yearHigh, yearLow, change, open, closePrice, dayHigh, dayLow, lastUpdateTime",,,,,,,,,,,,,,,,,,,,,,,,,,
OLAELEC,OLAELECEQN,56.15,8.58634693482885,63913168.0,75359550.0,4108602666.0,51.71,,,157.4,46.37,4.439999999999998,51.71,0.0,56.59,51.27,21-Mar-2025 11:16:47,Most Active by Volume,"symbol, identifier, lastPrice, pChange, quantityTraded, totalTradedVolume, totalTradedValue, previousClose, exDate, purpose, yearHigh, yearLow, change, open, closePrice, dayHigh, dayLow, lastUpdateTime",,,,,,,,,,,,,,,,,,,,,,,,,,
MANAPPURAM,MANAPPURAMEQN,230.1,5.793103448275859,66064762.0,70369645.0,15839503393.050001,217.5,21-Feb-2025,INTERIM DIVIDEND - RE 1 PER SHARE,231.0,138.35,12.599999999999994,226.0,0.0,231.0,219.73,21-Mar-2025 11:16:45,Most Active by Volume,"symbol, identifier, lastPrice, pChange, quantityTraded, totalTradedVolume, totalTradedValue, previousClose, exDate, purpose, yearHigh, yearLow, change, open, closePrice, dayHigh, dayLow, lastUpdateTime",,,,,,,,,,,,,,,,,,,,,,,,,,
HCC,HCCEQN,27.53,12.001627339300256,63864774.0,65930555.0,1788695957.1499999,24.58,10-Sep-2024,ANNUAL GENERAL MEETING,57.5,21.97,2.950000000000003,25.24,0.0,28.29,25.15,21-Mar-2025 11:16:46,Most Active by Volume,"symbol, identifier, lastPrice, pChange, quantityTraded, totalTradedVolume, totalTradedValue, previousClose, exDate, purpose, yearHigh, yearLow, change, open, closePrice, dayHigh, dayLow, lastUpdateTime",,,,,,,,,,,,,,,,,,,,,,,,,,
GTLINFRA,GTLINFRAEQN,1.58,5.3333333333333375,37007472.0,55705357.0,86343303.35000001,1.5,21-Sep-2015, ANNUAL GENERAL MEETING,4.33,1.4,0.08000000000000007,1.52,0.0,1.59,1.5,21-Mar-2025 11:16:44,Most Active by Volume,"symbol, identifier, lastPrice, pChange, quantityTraded, totalTradedVolume, totalTradedValue, previousClose, exDate, purpose, yearHigh, yearLow, change, open, closePrice, dayHigh, dayLow, lastUpdateTime",,,,,,,,,,,,,,,,,,,,,,,,,,
YESBANK,YESBANKEQN,17.05,0.6493506493506459,29712342.0,33382007.0,569163219.35,16.94,03-Jun-2019, ANNUAL GENERAL MEETING/ DIVIDEND - RS 2 PER SHARE,28.55,16.02,0.10999999999999943,16.97,0.0,17.14,16.9,21-Mar-2025 11:16:43,Most Active by Volume,"symbol, identifier, lastPrice, pChange, quantityTraded, totalTradedVolume, totalTradedValue, previousClose, exDate, purpose, yearHigh, yearLow, change, open, closePrice, dayHigh, dayLow, lastUpdateTime",,,,,,,,,,,,,,,,,,,,,,,,,,
DISHTV,DISHTVEQN,6.41,3.054662379421228,32357847.0,32782800.0,205875984.0,6.22,05-Nov-2018, INTERIM DIVIDEND - RE 0.50 PER SHARE,19.55,5.77,0.1900000000000004,6.22,0.0,6.48,6.19,21-Mar-2025 11:16:43,Most Active by Volume,"symbol, identifier, lastPrice, pChange, quantityTraded, totalTradedVolume, totalTradedValue, previousClose, exDate, purpose, yearHigh, yearLow, change, open, closePrice, dayHigh, dayLow, lastUpdateTime",,,,,,,,,,,,,,,,,,,,,,,,,,
SUZLON,SUZLONEQN,57.48,-1.5584860421305082,25669274.0,31541360.0,1828768052.8,58.39,03-Sep-2024,ANNUAL GENERAL MEETING,86.04,35.6,-0.9100000000000037,58.38,0.0,58.65,57.4,21-Mar-2025 11:16:45,Most Active by Volume,"symbol, identifier, lastPrice, pChange, quantityTraded, totalTradedVolume, totalTradedValue, previousClose, exDate, purpose, yearHigh, yearLow, change, open, closePrice, dayHigh, dayLow, lastUpdateTime",,,,,,,,,,,,,,,,,,,,,,,,,,
ZOMATO,ZOMATOEQN,222.33,-0.9533567960083693,24495460.0,25433474.0,5672682040.96,224.47,,,304.7,146.3,-2.1399999999999864,220.0,0.0,225.39,220.0,21-Mar-2025 11:16:44,Most Active by Volume,"symbol, identifier, lastPrice, pChange, quantityTraded, totalTradedVolume, totalTradedValue, previousClose, exDate, purpose, yearHigh, yearLow, change, open, closePrice, dayHigh, dayLow, lastUpdateTime",,,,,,,,,,,,,,,,,,,,,,,,,,
JPPOWER,JPPOWEREQN,15.0,2.459016393442619,20305945.0,22388742.0,335159467.74,14.64,26-Aug-2024,ANNUAL GENERAL MEETING,23.77,12.36,0.35999999999999943,14.64,0.0,15.2,14.51,21-Mar-2025 11:16:46,Most Active by Volume,"symbol, identifier, lastPrice, pChange, quantityTraded, totalTradedVolume, totalTradedValue, previousClose, exDate, purpose, yearHigh, yearLow, change, open, closePrice, dayHigh, dayLow, lastUpdateTime",,,,,,,,,,,,,,,,,,,,,,,,,,
EASEMYTRIP,EASEMYTRIPEQN,13.25,0.7604562737642558,19817058.0,22152764.0,293081067.72,13.15,29-Nov-2024,BONUS 1:1,23.9,10.8,0.09999999999999964,13.14,0.0,13.29,13.08,21-Mar-2025 11:16:42,Most Active by Volume,"symbol, identifier, lastPrice, pChange, quantityTraded, totalTradedVolume, totalTradedValue, previousClose, exDate, purpose, yearHigh, yearLow, change, open, closePrice, dayHigh, dayLow, lastUpdateTime",,,,,,,,,,,,,,,,,,,,,,,,,,
JWL,JWLEQN,350.85,11.913875598086133,19805878.0,21128952.0,7368299430.96,313.5,07-Oct-2024,INTERIM DIVIDEND - RE 1 PER SHARE,748.1,270.05,37.35000000000002,313.9,0.0,362.8,312.05,21-Mar-2025 11:16:47,Most Active by Volume,"symbol, identifier, lastPrice, pChange, quantityTraded, totalTradedVolume, totalTradedValue, previousClose, exDate, purpose, yearHigh, yearLow, change, open, closePrice, dayHigh, dayLow, lastUpdateTime",,,,,,,,,,,,,,,,,,,,,,,,,,
JIOFIN,JIOFINEQN,231.69,0.0,19285654.0,20000007.0,4660201631.07,231.69,,,394.7,198.65,0.0,232.0,0.0,235.94,231.13,21-Mar-2025 11:16:46,Most Active by Volume,"symbol, identifier, lastPrice, pChange, quantityTraded, totalTradedVolume, totalTradedValue, previousClose, exDate, purpose, yearHigh, yearLow, change, open, closePrice, dayHigh, dayLow, lastUpdateTime",,,,,,,,,,,,,,,,,,,,,,,,,,
GREENPOWER,GREENPOWEREQN,13.27,6.757843925985519,14389332.0,18628418.0,243100854.9,12.43,13-Aug-2024,RIGHTS 10:51 @ PREMIUM RS 3/-,23.43,11.2,0.8399999999999999,12.43,0.0,13.39,12.43,21-Mar-2025 11:16:43,Most Active by Volume,"symbol, identifier, lastPrice, pChange, quantityTraded, totalTradedVolume, totalTradedValue, previousClose, exDate, purpose, yearHigh, yearLow, change, open, closePrice, dayHigh, dayLow, lastUpdateTime",,,,,,,,,,,,,,,,,,,,,,,,,,
RPOWER,RPOWEREQN,37.82,3.7585733882030103,14273258.0,15172601.0,569579441.54,36.45,12-Sep-2018, ANNUAL GENERAL MEETING,53.64,23.0,1.3699999999999974,36.46,0.0,38.1,36.45,21-Mar-2025 11:16:45,Most Active by Volume,"symbol, identifier, lastPrice, pChange, quantityTraded, totalTradedVolume, totalTradedValue, previousClose, exDate, purpose, yearHigh, yearLow, change, open, closePrice, dayHigh, dayLow, lastUpdateTime",,,,,,,,,,,,,,,,,,,,,,,,,,
MOBIKWIK,MOBIKWIKEQN,329.75,4.1041831097079715,13787865.0,14289168.0,4725427857.599999,316.75,,,698.3,231.1,13.0,318.1,0.0,340.5,315.3,21-Mar-2025 11:16:47,Most Active by Volume,"symbol, identifier, lastPrice, pChange, quantityTraded, totalTradedVolume, totalTradedValue, previousClose, exDate, purpose, yearHigh, yearLow, change, open, closePrice, dayHigh, dayLow, lastUpdateTime",,,,,,,,,,,,,,,,,,,,,,,,,,
NHPC,NHPCEQN,83.34,4.122938530734629,9906142.0,13866137.0,1137716540.85,80.04,13-Feb-2025,INTERIM DIVIDEND - RS 1.4 PER SHARE,118.4,71.0,3.299999999999997,80.2,0.0,83.8,80.02,21-Mar-2025 11:16:48,Most Active by Volume,"symbol, identifier, lastPrice, pChange, quantityTraded, totalTradedVolume, totalTradedValue, previousClose, exDate, purpose, yearHigh, yearLow, change, open, closePrice, dayHigh, dayLow, lastUpdateTime",,,,,,,,,,,,,,,,,,,,,,,,,,
NMDC,NMDCEQN,67.12,0.9475109038953372,13202348.0,13810149.0,924451374.06,68.79,21-Mar-2025,INTERIM DIVIDEND - RS 2.30 PER SHARE,95.45,59.7,0.6300000000000097,66.64,0.0,67.6,66.16,21-Mar-2025 11:16:44,Most Active by Volume,"symbol, identifier, lastPrice, pChange, quantityTraded, totalTradedVolume, totalTradedValue, previousClose, exDate, purpose, yearHigh, yearLow, change, open, closePrice, dayHigh, dayLow, lastUpdateTime",,,,,,,,,,,,,,,,,,,,,,,,,,
BEL,BELEQN,297.21,0.05386298602927728,12058461.0,13688890.0,4087091887.2999997,297.05,11-Mar-2025,INTERIM DIVIDEND - RS 1.5 PER SHARE,340.5,182.5,0.15999999999996817,301.0,0.0,301.0,296.5,21-Mar-2025 11:16:44,Most Active by Volume,"symbol, identifier, lastPrice, pChange, quantityTraded, totalTradedVolume, totalTradedValue, previousClose, exDate, purpose, yearHigh, yearLow, change, open, closePrice, dayHigh, dayLow, lastUpdateTime",,,,,,,,,,,,,,,,,,,,,,,,,,
JMFINANCIL,JMFINANCILEQN,98.68,7.905959540732645,11709882.0,12321078.0,1216460030.94,91.45,07-Jun-2024,DIVIDEND - RS 2 PER SHARE,168.75,69.0,7.230000000000004,92.42,0.0,102.7,91.62,21-Mar-2025 11:16:47,Most Active by Volume,"symbol, identifier, lastPrice, pChange, quantityTraded, totalTradedVolume, totalTradedValue, previousClose, exDate, purpose, yearHigh, yearLow, change, open, closePrice, dayHigh, dayLow, lastUpdateTime",,,,,,,,,,,,,,,,,,,,,,,,,,
GOLDTECH,,,,,,,,,,,,,,,,,,Top Gainers,"symbol, series, open_price, high_price, low_price, ltp, prev_price, net_price, trade_quantity, turnover, market_type, ca_ex_dt, ca_purpose, perChange",,,,,,,57.57,74.3413697,EQ,48.0,57.57,48.0,47.98,19.99,138619.0,N,20-Sep-2024,Annual General Meeting,19.99,,,,,,,
TEJASNET,,,,,,,,,,,,,,,,,,Top Gainers,"symbol, series, open_price, high_price, low_price, ltp, prev_price, net_price, trade_quantity, turnover, market_type, ca_ex_dt, ca_purpose, perChange",,,,,,,825.5,90127.0762583,EQ,714.2,835.0,709.2,710.5,16.19,11279561.0,N,20-Jun-2024,Annual General Meeting,16.19,,,,,,,
AROGRANITE,,,,,,,,,,,,,,,,,,Top Gainers,"symbol, series, open_price, high_price, low_price, ltp, prev_price, net_price, trade_quantity, turnover, market_type, ca_ex_dt, ca_purpose, perChange",,,,,,,40.3,58.452356699999996,EQ,35.99,42.3,35.97,35.25,14.33,143371.0,N,11-Sep-2024,Annual General Meeting,14.33,,,,,,,
ARMANFIN,,,,,,,,,,,,,,,,,,Top Gainers,"symbol, series, open_price, high_price, low_price, ltp, prev_price, net_price, trade_quantity, turnover, market_type, ca_ex_dt, ca_purpose, perChange",,,,,,,1418.4,2734.5722858999998,EQ,1317.7,1431.5,1291.65,1251.3,13.35,197569.0,N,20-Sep-2024,Annual General Meeting,13.35,,,,,,,
TRF,,,,,,,,,,,,,,,,,,Top Gainers,"symbol, series, open_price, high_price, low_price, ltp, prev_price, net_price, trade_quantity, turnover, market_type, ca_ex_dt, ca_purpose, perChange",,,,,,,390.1,686.5973309999999,EQ,344.4,405.0,343.05,344.4,13.27,177898.0,N,13-Aug-2020,Annual General Meeting,13.27,,,,,,,
SURAJEST,,,,,,,,,,,,,,,,,,Top Gainers,"symbol, series, open_price, high_price, low_price, ltp, prev_price, net_price, trade_quantity, turnover, market_type, ca_ex_dt, ca_purpose, perChange",,,,,,,330.65,1707.5065163999998,EQ,294.9,331.25,294.75,293.85,12.52,546542.0,N,20-Sep-2024,Annual General Meeting/Dividend - Re 1 Per Share,12.52,,,,,,,
HCC,,,,,,,,,,,,,,,,,,Top Gainers,"symbol, series, open_price, high_price, low_price, ltp, prev_price, net_price, trade_quantity, turnover, market_type, ca_ex_dt, ca_purpose, perChange",,,,,,,27.53,17886.9595715,EQ,25.24,28.29,25.15,24.58,12.0,65930555.0,N,10-Sep-2024,Annual General Meeting,12.0,,,,,,,
PAVNAIND,,,,,,,,,,,,,,,,,,Top Gainers,"symbol, series, open_price, high_price, low_price, ltp, prev_price, net_price, trade_quantity, turnover, market_type, ca_ex_dt, ca_purpose, perChange",,,,,,,375.6,171.97276399999998,EQ,338.9,392.0,337.25,335.6,11.92,46279.0,N,22-Sep-2023,Annual General Meeting,11.92,,,,,,,
JWL,,,,,,,,,,,,,,,,,,Top Gainers,"symbol, series, open_price, high_price, low_price, ltp, prev_price, net_price, trade_quantity, turnover, market_type, ca_ex_dt, ca_purpose, perChange",,,,,,,350.85,73682.9943096,EQ,313.9,362.8,312.05,313.5,11.91,21128952.0,N,07-Oct-2024,Interim Dividend - Re 1 Per Share,11.91,,,,,,,
SANGINITA,,,,,,,,,,,,,,,,,,Top Gainers,"symbol, series, open_price, high_price, low_price, ltp, prev_price, net_price, trade_quantity, turnover, market_type, ca_ex_dt, ca_purpose, perChange",,,,,,,13.08,114.2191221,EQ,13.6,13.6,12.11,11.73,11.51,873903.0,N,27-Aug-2024,Annual General Meeting,11.51,,,,,,,
NEWGEN,,,,,,,,,,,,,,,,,,Top Gainers,"symbol, series, open_price, high_price, low_price, ltp, prev_price, net_price, trade_quantity, turnover, market_type, ca_ex_dt, ca_purpose, perChange",,,,,,,1072.85,10548.8234579,EQ,957.05,1094.85,951.25,962.1,11.51,1004143.0,N,18-Jul-2024,Annual General Meeting/Dividend - Rs 4 Per Share,11.51,,,,,,,
MANUGRAPH,,,,,,,,,,,,,,,,,,Top Gainers,"symbol, series, open_price, high_price, low_price, ltp, prev_price, net_price, trade_quantity, turnover, market_type, ca_ex_dt, ca_purpose, perChange",,,,,,,19.84,74.1189075,EQ,18.2,20.74,18.2,17.82,11.34,373395.0,N,20-Sep-2024,Annual General Meeting,11.34,,,,,,,
MENONBE,,,,,,,,,,,,,,,,,,Top Gainers,"symbol, series, open_price, high_price, low_price, ltp, prev_price, net_price, trade_quantity, turnover, market_type, ca_ex_dt, ca_purpose, perChange",,,,,,,100.99,181.87836030000003,EQ,91.34,106.28,91.33,91.35,10.55,181461.0,N,30-Aug-2024,Annual General Meeting,10.55,,,,,,,
MARATHON,,,,,,,,,,,,,,,,,,Top Gainers,"symbol, series, open_price, high_price, low_price, ltp, prev_price, net_price, trade_quantity, turnover, market_type, ca_ex_dt, ca_purpose, perChange",,,,,,,509.45,614.0535729,EQ,469.0,523.1,465.5,462.85,10.07,122037.0,N,17-Sep-2024,Dividend - Re 1 Per Share,10.07,,,,,,,
JNKINDIA,,,,,,,,,,,,,,,,,,Top Gainers,"symbol, series, open_price, high_price, low_price, ltp, prev_price, net_price, trade_quantity, turnover, market_type, ca_ex_dt, ca_purpose, perChange",,,,,,,360.7,256.9861586,EQ,330.0,360.7,330.0,327.95,9.99,73673.0,N,21-Oct-2024,Dividend - Re 0.30 Per Share,9.99,,,,,,,
INCREDIBLE,,,,,,,,,,,,,,,,,,Top Gainers,"symbol, series, open_price, high_price, low_price, ltp, prev_price, net_price, trade_quantity, turnover, market_type, ca_ex_dt, ca_purpose, perChange",,,,,,,37.01,16.801421599999998,EQ,38.5,38.5,34.69,33.69,9.85,45557.0,N,20-Sep-2024,Annual General Meeting,9.85,,,,,,,
RAYMOND,,,,,,,,,,,,,,,,,,Top Gainers,"symbol, series, open_price, high_price, low_price, ltp, prev_price, net_price, trade_quantity, turnover, market_type, ca_ex_dt, ca_purpose, perChange",,,,,,,1544.9,28560.621764699998,EQ,1412.0,1564.2,1410.0,1409.3,9.62,1878531.0,N,11-Jul-2024,Demerger,9.62,,,,,,,
SUNDARMHLD,,,,,,,,,,,,,,,,,,Top Gainers,"symbol, series, open_price, high_price, low_price, ltp, prev_price, net_price, trade_quantity, turnover, market_type, ca_ex_dt, ca_purpose, perChange",,,,,,,320.55,1066.1257975,EQ,293.5,335.0,291.5,292.59,9.56,333947.0,N,04-Feb-2025,Interim Dividend - Rs 3.7 Per Sh,9.56,,,,,,,
NUVOCO,,,,,,,,,,,,,,,,,,Top Gainers,"symbol, series, open_price, high_price, low_price, ltp, prev_price, net_price, trade_quantity, turnover, market_type, ca_ex_dt, ca_purpose, perChange",,,,,,,333.9,5205.994066,EQ,305.0,341.8,305.0,304.8,9.55,1569820.0,N,-,-,9.55,,,,,,,
BALUFORGE,,,,,,,,,,,,,,,,,,Top Gainers,"symbol, series, open_price, high_price, low_price, ltp, prev_price, net_price, trade_quantity, turnover, market_type, ca_ex_dt, ca_purpose, perChange",,,,,,,549.85,5819.1119816,EQ,501.25,552.95,501.25,502.15,9.5,1077773.0,N,20-Sep-2024,Dividend - Rs 0.15 Per Share,9.5,,,,,,,
VSTL,,,,,,,,,,,,,,,,,,Top Losers,"symbol, series, open_price, high_price, low_price, ltp, prev_price, net_price, trade_quantity, turnover, market_type, ca_ex_dt, ca_purpose, perChange",,,,,,,177.06,422.5201296,EQ,189.98,191.0,176.29,186.99,-5.31,229431.0,N,19-Sep-2024,Annual General Meeting,-5.31,,,,,,,
AGSTRA,,,,,,,,,,,,,,,,,,Top Losers,"symbol, series, open_price, high_price, low_price, ltp, prev_price, net_price, trade_quantity, turnover, market_type, ca_ex_dt, ca_purpose, perChange",,,,,,,10.7,30.01885,BE,10.7,10.7,10.7,11.27,-5.06,280550.0,N,-,-,-5.06,,,,,,,
PARSVNATH,,,,,,,,,,,,,,,,,,Top Losers,"symbol, series, open_price, high_price, low_price, ltp, prev_price, net_price, trade_quantity, turnover, market_type, ca_ex_dt, ca_purpose, perChange",,,,,,,19.61,31.7891504,BE,20.38,20.89,19.61,20.65,-5.04,157528.0,N,20-Sep-2024,Annual General Meeting,-5.04,,,,,,,
KESORAMIND,,,,,,,,,,,,,,,,,,Top Losers,"symbol, series, open_price, high_price, low_price, ltp, prev_price, net_price, trade_quantity, turnover, market_type, ca_ex_dt, ca_purpose, perChange",,,,,,,6.41,7.3307324,BE,6.41,6.41,6.41,6.75,-5.04,114364.0,N,10-Mar-2025,Demerger,-5.04,,,,,,,
PRABHA,,,,,,,,,,,,,,,,,,Top Losers,"symbol, series, open_price, high_price, low_price, ltp, prev_price, net_price, trade_quantity, turnover, market_type, ca_ex_dt, ca_purpose, perChange",,,,,,,190.37,2.6804096000000004,BE,190.37,190.37,190.37,200.39,-5.0,1408.0,N,-,-,-5.0,,,,,,,
NITIRAJ,,,,,,,,,,,,,,,,,,Top Losers,"symbol, series, open_price, high_price, low_price, ltp, prev_price, net_price, trade_quantity, turnover, market_type, ca_ex_dt, ca_purpose, perChange",,,,,,,310.05,51.8248575,BE,310.05,310.05,310.05,326.35,-4.99,16715.0,N,17-Sep-2024,Dividend - Rs 1.50 Per Share,-4.99,,,,,,,
REGENCERAM,,,,,,,,,,,,,,,,,,Top Losers,"symbol, series, open_price, high_price, low_price, ltp, prev_price, net_price, trade_quantity, turnover, market_type, ca_ex_dt, ca_purpose, perChange",,,,,,,45.4,5.099448,BE,45.6,45.97,45.4,47.78,-4.98,11183.0,N,23-Sep-2024,Annual General Meeting,-4.98,,,,,,,
GREENLAM,,,,,,,,,,,,,,,,,,Top Losers,"symbol, series, open_price, high_price, low_price, ltp, prev_price, net_price, trade_quantity, turnover, market_type, ca_ex_dt, ca_purpose, perChange",,,,,,,278.6,480.5593728,EQ,277.05,285.7,271.6,586.1,-4.93,173212.0,N,21-Mar-2025,Bonus 1:1,-52.47,,,,,,,
FMNL,,,,,,,,,,,,,,,,,,Top Losers,"symbol, series, open_price, high_price, low_price, ltp, prev_price, net_price, trade_quantity, turnover, market_type, ca_ex_dt, ca_purpose, perChange",,,,,,,14.91,3.8896767999999997,BE,15.01,15.5,14.9,15.63,-4.61,25456.0,N,22-Oct-2024,Extra Ordinary General Meeting,-4.61,,,,,,,
FELDVR,,,,,,,,,,,,,,,,,,Top Losers,"symbol, series, open_price, high_price, low_price, ltp, prev_price, net_price, trade_quantity, turnover, market_type, ca_ex_dt, ca_purpose, perChange",,,,,,,3.61,0.39778589999999997,BE,3.65,3.95,3.6,3.77,-4.24,11019.0,N,20-Aug-2018,Annual General Meeting,-4.24,,,,,,,
AMBER,,,,,,,,,,,,,,,,,,Top Losers,"symbol, series, open_price, high_price, low_price, ltp, prev_price, net_price, trade_quantity, turnover, market_type, ca_ex_dt, ca_purpose, perChange",,,,,,,6953.7,26839.680231,EQ,7260.0,7261.25,6932.9,7248.5,-4.07,383838.0,N,02-Aug-2024,Annual General Meeting,-4.07,,,,,,,
TBOTEK,,,,,,,,,,,,,,,,,,Top Losers,"symbol, series, open_price, high_price, low_price, ltp, prev_price, net_price, trade_quantity, turnover, market_type, ca_ex_dt, ca_purpose, perChange",,,,,,,1221.15,8123.0058516,EQ,1211.0,1242.25,1199.95,1269.7,-3.82,667637.0,N,-,-,-3.82,,,,,,,
BALAJEE,,,,,,,,,,,,,,,,,,Top Losers,"symbol, series, open_price, high_price, low_price, ltp, prev_price, net_price, trade_quantity, turnover, market_type, ca_ex_dt, ca_purpose, perChange",,,,,,,52.3,180.37110280000002,EQ,54.7,54.75,51.9,54.21,-3.52,339938.0,N,-,-,-3.52,,,,,,,
NATCAPSUQ,,,,,,,,,,,,,,,,,,Top Losers,"symbol, series, open_price, high_price, low_price, ltp, prev_price, net_price, trade_quantity, turnover, market_type, ca_ex_dt, ca_purpose, perChange",,,,,,,177.81,25.36079,EQ,189.0,189.0,175.5,183.62,-3.16,14105.0,N,-,-,-3.16,,,,,,,
SCI,,,,,,,,,,,,,,,,,,Top Losers,"symbol, series, open_price, high_price, low_price, ltp, prev_price, net_price, trade_quantity, turnover, market_type, ca_ex_dt, ca_purpose, perChange",,,,,,,170.99,7252.644539,EQ,172.0,174.8,170.62,176.49,-3.12,4208335.0,N,06-Sep-2024,Annual General Meeting,-3.12,,,,,,,
NATIONALUM,,,,,,,,,,,,,,,,,,Top Losers,"symbol, series, open_price, high_price, low_price, ltp, prev_price, net_price, trade_quantity, turnover, market_type, ca_ex_dt, ca_purpose, perChange",,,,,,,184.71,17699.5290577,EQ,190.25,190.25,184.5,190.57,-3.07,9490873.0,N,14-Feb-2025,Interim Dividend - Rs 4 Per Share,-3.07,,,,,,,
VIMTALABS,,,,,,,,,,,,,,,,,,Top Losers,"symbol, series, open_price, high_price, low_price, ltp, prev_price, net_price, trade_quantity, turnover, market_type, ca_ex_dt, ca_purpose, perChange",,,,,,,1090.0,512.5460487,EQ,1136.9,1137.0,1088.0,1123.45,-2.98,46067.0,N,11-Jul-2024,Annual General Meeting/Dividend - Rs 2 Per Share,-2.98,,,,,,,
DHRUV,,,,,,,,,,,,,,,,,,Top Losers,"symbol, series, open_price, high_price, low_price, ltp, prev_price, net_price, trade_quantity, turnover, market_type, ca_ex_dt, ca_purpose, perChange",,,,,,,67.63,31.6967067,BE,69.75,71.5,66.55,69.7,-2.97,46771.0,N,14-Feb-2025,Interim Dividend - Re 0.10 Per Share,-2.97,,,,,,,
AARTIPHARM,,,,,,,,,,,,,,,,,,Top Losers,"symbol, series, open_price, high_price, low_price, ltp, prev_price, net_price, trade_quantity, turnover, market_type, ca_ex_dt, ca_purpose, perChange",,,,,,,746.55,3126.9728118000003,EQ,774.4,788.05,741.5,768.75,-2.89,404221.0,N,14-Feb-2025,Interim Dividend - Rs 2.50 Per Share,-2.89,,,,,,,
TECILCHEM,,,,,,,,,,,,,,,,,,Top Losers,"symbol, series, open_price, high_price, low_price, ltp, prev_price, net_price, trade_quantity, turnover, market_type, ca_ex_dt, ca_purpose, perChange",,,,,,,20.07,0.0275536,EQ,20.5,21.8,19.9,20.66,-2.86,136.0,N,19-Sep-2024,Annual General Meeting,-2.86,,,,,,,
AARTECH,,,,,,,,,,,,,,,,,,Bulk Deals Data,"date, symbol, name, clientName, buySell, qty, watp, remarks",,,,,,,,,,,,,,,,,,,,20-Mar-2025,Aartech Solonics Limited,AVIRAT ENTERPRISE,BUY,175000,55.08,-
AARTECH,,,,,,,,,,,,,,,,,,Bulk Deals Data,"date, symbol, name, clientName, buySell, qty, watp, remarks",,,,,,,,,,,,,,,,,,,,20-Mar-2025,Aartech Solonics Limited,KABRA KAILASH,SELL,200000,55,-
AGSTRA,,,,,,,,,,,,,,,,,,Bulk Deals Data,"date, symbol, name, clientName, buySell, qty, watp, remarks",,,,,,,,,,,,,,,,,,,,20-Mar-2025,AGS Transact Tech Ltd,BAJAJ FINANCE LIMITED,SELL,2527825,11.34,-
AGSTRA,,,,,,,,,,,,,,,,,,Bulk Deals Data,"date, symbol, name, clientName, buySell, qty, watp, remarks",,,,,,,,,,,,,,,,,,,,20-Mar-2025,AGS Transact Tech Ltd,ISHAAN TRADEFIN LLP,BUY,1906149,11.29,-
AGSTRA,,,,,,,,,,,,,,,,,,Bulk Deals Data,"date, symbol, name, clientName, buySell, qty, watp, remarks",,,,,,,,,,,,,,,,,,,,20-Mar-2025,AGS Transact Tech Ltd,ISHAAN TRADEFIN LLP,SELL,1027684,11.43,-
AGSTRA,,,,,,,,,,,,,,,,,,Bulk Deals Data,"date, symbol, name, clientName, buySell, qty, watp, remarks",,,,,,,,,,,,,,,,,,,,20-Mar-2025,AGS Transact Tech Ltd,MULTIPLIER SHARE & STOCK ADVISORS PRIVATE LIMITED,BUY,1000000,11.27,-
AGSTRA,,,,,,,,,,,,,,,,,,Bulk Deals Data,"date, symbol, name, clientName, buySell, qty, watp, remarks",,,,,,,,,,,,,,,,,,,,20-Mar-2025,AGS Transact Tech Ltd,MULTIPLIER SHARE & STOCK ADVISORS PRIVATE LIMITED,SELL,512293,11.28,-
AKG,,,,,,,,,,,,,,,,,,Bulk Deals Data,"date, symbol, name, clientName, buySell, qty, watp, remarks",,,,,,,,,,,,,,,,,,,,20-Mar-2025,AKG Exim Limited,MLH VENTURES LLP,SELL,743000,13.18,-
AKG,,,,,,,,,,,,,,,,,,Bulk Deals Data,"date, symbol, name, clientName, buySell, qty, watp, remarks",,,,,,,,,,,,,,,,,,,,20-Mar-2025,AKG Exim Limited,TSM FINANCIAL SERVICES PRIVATE LIMITED,BUY,189000,13.19,-
AKG,,,,,,,,,,,,,,,,,,Bulk Deals Data,"date, symbol, name, clientName, buySell, qty, watp, remarks",,,,,,,,,,,,,,,,,,,,20-Mar-2025,AKG Exim Limited,TSM FINANCIAL SERVICES PRIVATE LIMITED,BUY,555000,13.18,-
CPS,,,,,,,,,,,,,,,,,,Bulk Deals Data,"date, symbol, name, clientName, buySell, qty, watp, remarks",,,,,,,,,,,,,,,,,,,,20-Mar-2025,C P S Shapers Limited,ALPA WEALTH CREATOR,SELL,12600,524.76,-
GENSOL,,,,,,,,,,,,,,,,,,Bulk Deals Data,"date, symbol, name, clientName, buySell, qty, watp, remarks",,,,,,,,,,,,,,,,,,,,20-Mar-2025,Gensol Engineering Ltd,AGNIJA TIE-UP PRIVATE LIMITED,SELL,200000,237.9,-
GENSOL,,,,,,,,,,,,,,,,,,Bulk Deals Data,"date, symbol, name, clientName, buySell, qty, watp, remarks",,,,,,,,,,,,,,,,,,,,20-Mar-2025,Gensol Engineering Ltd,CINCO STOCK VISION LLP,SELL,232137,244.37,-
GENSOL,,,,,,,,,,,,,,,,,,Bulk Deals Data,"date, symbol, name, clientName, buySell, qty, watp, remarks",,,,,,,,,,,,,,,,,,,,20-Mar-2025,Gensol Engineering Ltd,INDIAN CHAIN PRIVATE LIMITED,SELL,430000,236.74,-
GENSOL,,,,,,,,,,,,,,,,,,Bulk Deals Data,"date, symbol, name, clientName, buySell, qty, watp, remarks",,,,,,,,,,,,,,,,,,,,20-Mar-2025,Gensol Engineering Ltd,MULTIPLIER SHARE & STOCK ADVISORS PRIVATE LIMITED,BUY,2,239.5,-
GENSOL,,,,,,,,,,,,,,,,,,Bulk Deals Data,"date, symbol, name, clientName, buySell, qty, watp, remarks",,,,,,,,,,,,,,,,,,,,20-Mar-2025,Gensol Engineering Ltd,MULTIPLIER SHARE & STOCK ADVISORS PRIVATE LIMITED,SELL,200002,242.44,-
GLFL,,,,,,,,,,,,,,,,,,Bulk Deals Data,"date, symbol, name, clientName, buySell, qty, watp, remarks",,,,,,,,,,,,,,,,,,,,20-Mar-2025,Gujarat Lease Fin Ltd,BHARAT KANTILAL SHAH,SELL,160000,3.99,-
GRSE,,,,,,,,,,,,,,,,,,Bulk Deals Data,"date, symbol, name, clientName, buySell, qty, watp, remarks",,,,,,,,,,,,,,,,,,,,20-Mar-2025,Garden Reach Ship,GRAVITON RESEARCH CAPITAL LLP,BUY,1088055,1716.68,-
GRSE,,,,,,,,,,,,,,,,,,Bulk Deals Data,"date, symbol, name, clientName, buySell, qty, watp, remarks",,,,,,,,,,,,,,,,,,,,20-Mar-2025,Garden Reach Ship,GRAVITON RESEARCH CAPITAL LLP,SELL,1087590,1717.35,-
GSLSU,,,,,,,,,,,,,,,,,,Bulk Deals Data,"date, symbol, name, clientName, buySell, qty, watp, remarks",,,,,,,,,,,,,,,,,,,,20-Mar-2025,Global Surfaces Limited,AGGARWAL DIWAKAR,BUY,456941,109,-
ISFT,,,,,,,,,,,,,,,,,,Bulk Deals Data,"date, symbol, name, clientName, buySell, qty, watp, remarks",,,,,,,,,,,,,,,,,,,,20-Mar-2025,Intrasoft Tech. Ltd,AMIT KUMAR JAIN,BUY,110000,115.06,-
ISFT,,,,,,,,,,,,,,,,,,Bulk Deals Data,"date, symbol, name, clientName, buySell, qty, watp, remarks",,,,,,,,,,,,,,,,,,,,20-Mar-2025,Intrasoft Tech. Ltd,AMIT KUMAR JAIN,SELL,106000,114.11,-
JEYYAM,,,,,,,,,,,,,,,,,,Bulk Deals Data,"date, symbol, name, clientName, buySell, qty, watp, remarks",,,,,,,,,,,,,,,,,,,,20-Mar-2025,Jeyyam Global Foods Ltd,MALANI WEALTH ADVISORS PRIVATE LIMITED,SELL,598000,38.75,-
JEYYAM,,,,,,,,,,,,,,,,,,Bulk Deals Data,"date, symbol, name, clientName, buySell, qty, watp, remarks",,,,,,,,,,,,,,,,,,,,20-Mar-2025,Jeyyam Global Foods Ltd,NNM SECURITIES PVT LTD,BUY,600000,38.75,-
KEC,,,,,,,,,,,,,,,,,,Bulk Deals Data,"date, symbol, name, clientName, buySell, qty, watp, remarks",,,,,,,,,,,,,,,,,,,,20-Mar-2025,KEC International Limited,GRAVITON RESEARCH CAPITAL LLP,BUY,2239732,829.44,-
KEC,,,,,,,,,,,,,,,,,,Bulk Deals Data,"date, symbol, name, clientName, buySell, qty, watp, remarks",,,,,,,,,,,,,,,,,,,,20-Mar-2025,KEC International Limited,GRAVITON RESEARCH CAPITAL LLP,SELL,2239732,829.83,-
KEI,,,,,,,,,,,,,,,,,,Bulk Deals Data,"date, symbol, name, clientName, buySell, qty, watp, remarks",,,,,,,,,,,,,,,,,,,,20-Mar-2025,KEI Industries Limited,GRAVITON RESEARCH CAPITAL LLP,BUY,664436,2868.84,-
KEI,,,,,,,,,,,,,,,,,,Bulk Deals Data,"date, symbol, name, clientName, buySell, qty, watp, remarks",,,,,,,,,,,,,,,,,,,,20-Mar-2025,KEI Industries Limited,GRAVITON RESEARCH CAPITAL LLP,SELL,627086,2870.73,-
KEL,,,,,,,,,,,,,,,,,,Bulk Deals Data,"date, symbol, name, clientName, buySell, qty, watp, remarks",,,,,,,,,,,,,,,,,,,,20-Mar-2025,Kundan Edifice Limited,VAJU BHAI K. PATEL,BUY,25200,106.48,-
KEL,,,,,,,,,,,,,,,,,,Bulk Deals Data,"date, symbol, name, clientName, buySell, qty, watp, remarks",,,,,,,,,,,,,,,,,,,,20-Mar-2025,Kundan Edifice Limited,VAJU BHAI K. PATEL,SELL,55200,101.2,-
KSOLVES,,,,,,,,,,,,,,,,,,Bulk Deals Data,"date, symbol, name, clientName, buySell, qty, watp, remarks",,,,,,,,,,,,,,,,,,,,20-Mar-2025,Ksolves India Limited,GRAVITON RESEARCH CAPITAL LLP,BUY,148950,450.51,-
KSOLVES,,,,,,,,,,,,,,,,,,Bulk Deals Data,"date, symbol, name, clientName, buySell, qty, watp, remarks",,,,,,,,,,,,,,,,,,,,20-Mar-2025,Ksolves India Limited,GRAVITON RESEARCH CAPITAL LLP,SELL,148950,452.33,-
MAKS,,,,,,,,,,,,,,,,,,Bulk Deals Data,"date, symbol, name, clientName, buySell, qty, watp, remarks",,,,,,,,,,,,,,,,,,,,20-Mar-2025,Maks Energy Sol India Ltd,MALANI WEALTH ADVISORS PRIVATE LIMITED,BUY,150000,28.5,-
MAKS,,,,,,,,,,,,,,,,,,Bulk Deals Data,"date, symbol, name, clientName, buySell, qty, watp, remarks",,,,,,,,,,,,,,,,,,,,20-Mar-2025,Maks Energy Sol India Ltd,NNM SECURITIES PVT LTD,BUY,3000,28.5,-
MAKS,,,,,,,,,,,,,,,,,,Bulk Deals Data,"date, symbol, name, clientName, buySell, qty, watp, remarks",,,,,,,,,,,,,,,,,,,,20-Mar-2025,Maks Energy Sol India Ltd,NNM SECURITIES PVT LTD,SELL,150000,28.5,-
MOBIKWIK,,,,,,,,,,,,,,,,,,Bulk Deals Data,"date, symbol, name, clientName, buySell, qty, watp, remarks",,,,,,,,,,,,,,,,,,,,20-Mar-2025,One Mobikwik Systems Ltd,AAKRAYA RESEARCH LLP,BUY,1000325,323.82,-
MOBIKWIK,,,,,,,,,,,,,,,,,,Bulk Deals Data,"date, symbol, name, clientName, buySell, qty, watp, remarks",,,,,,,,,,,,,,,,,,,,20-Mar-2025,One Mobikwik Systems Ltd,AAKRAYA RESEARCH LLP,SELL,1000325,324.14,-
MOBIKWIK,,,,,,,,,,,,,,,,,,Bulk Deals Data,"date, symbol, name, clientName, buySell, qty, watp, remarks",,,,,,,,,,,,,,,,,,,,20-Mar-2025,One Mobikwik Systems Ltd,GRAVITON RESEARCH CAPITAL LLP,BUY,639116,325.35,-
MOBIKWIK,,,,,,,,,,,,,,,,,,Bulk Deals Data,"date, symbol, name, clientName, buySell, qty, watp, remarks",,,,,,,,,,,,,,,,,,,,20-Mar-2025,One Mobikwik Systems Ltd,GRAVITON RESEARCH CAPITAL LLP,SELL,639116,325.36,-
MOBIKWIK,,,,,,,,,,,,,,,,,,Bulk Deals Data,"date, symbol, name, clientName, buySell, qty, watp, remarks",,,,,,,,,,,,,,,,,,,,20-Mar-2025,One Mobikwik Systems Ltd,HRTI PRIVATE LIMITED,BUY,1052715,322.93,-
MOBIKWIK,,,,,,,,,,,,,,,,,,Bulk Deals Data,"date, symbol, name, clientName, buySell, qty, watp, remarks",,,,,,,,,,,,,,,,,,,,20-Mar-2025,One Mobikwik Systems Ltd,HRTI PRIVATE LIMITED,SELL,1114359,323.67,-
MOBIKWIK,,,,,,,,,,,,,,,,,,Bulk Deals Data,"date, symbol, name, clientName, buySell, qty, watp, remarks",,,,,,,,,,,,,,,,,,,,20-Mar-2025,One Mobikwik Systems Ltd,JUMP TRADING FINANCIAL INDIA PRIVATE LIMITED,BUY,593173,323.85,-
MOBIKWIK,,,,,,,,,,,,,,,,,,Bulk Deals Data,"date, symbol, name, clientName, buySell, qty, watp, remarks",,,,,,,,,,,,,,,,,,,,20-Mar-2025,One Mobikwik Systems Ltd,JUMP TRADING FINANCIAL INDIA PRIVATE LIMITED,SELL,593173,324.72,-
MOBIKWIK,,,,,,,,,,,,,,,,,,Bulk Deals Data,"date, symbol, name, clientName, buySell, qty, watp, remarks",,,,,,,,,,,,,,,,,,,,20-Mar-2025,One Mobikwik Systems Ltd,MATHISYS ADVISORS LLP,BUY,489007,323.64,-
MOBIKWIK,,,,,,,,,,,,,,,,,,Bulk Deals Data,"date, symbol, name, clientName, buySell, qty, watp, remarks",,,,,,,,,,,,,,,,,,,,20-Mar-2025,One Mobikwik Systems Ltd,MATHISYS ADVISORS LLP,SELL,488029,324.97,-
MOBIKWIK,,,,,,,,,,,,,,,,,,Bulk Deals Data,"date, symbol, name, clientName, buySell, qty, watp, remarks",,,,,,,,,,,,,,,,,,,,20-Mar-2025,One Mobikwik Systems Ltd,QE SECURITIES LLP,BUY,831266,323.65,-
MOBIKWIK,,,,,,,,,,,,,,,,,,Bulk Deals Data,"date, symbol, name, clientName, buySell, qty, watp, remarks",,,,,,,,,,,,,,,,,,,,20-Mar-2025,One Mobikwik Systems Ltd,QE SECURITIES LLP,SELL,792984,324.58,-
NEELAM,,,,,,,,,,,,,,,,,,Bulk Deals Data,"date, symbol, name, clientName, buySell, qty, watp, remarks",,,,,,,,,,,,,,,,,,,,20-Mar-2025,Neelam Linens & Gar (I) L,MANISH  KUMAR,SELL,150000,23.55,-
NHIT,,,,,,,,,,,,,,,,,,Bulk Deals Data,"date, symbol, name, clientName, buySell, qty, watp, remarks",,,,,,,,,,,,,,,,,,,,20-Mar-2025,National Highw Infra Trus,LARSEN AND TOUBRO LIMITED,BUY,22400000,133.5,-
NHIT,,,,,,,,,,,,,,,,,,Bulk Deals Data,"date, symbol, name, clientName, buySell, qty, watp, remarks",,,,,,,,,,,,,,,,,,,,20-Mar-2025,National Highw Infra Trus,SBI MUTUAL FUND,SELL,61025000,133.5,-
NHIT,,,,,,,,,,,,,,,,,,Bulk Deals Data,"date, symbol, name, clientName, buySell, qty, watp, remarks",,,,,,,,,,,,,,,,,,,,20-Mar-2025,National Highw Infra Trus,VIDYANITI LLP,BUY,37450000,133.5,-
ORICONENT,,,,,,,,,,,,,,,,,,Bulk Deals Data,"date, symbol, name, clientName, buySell, qty, watp, remarks",,,,,,,,,,,,,,,,,,,,20-Mar-2025,Oricon Enterprises Ltd,HAZARIMALL SOMANI,BUY,1250000,39.44,-
ORICONENT,,,,,,,,,,,,,,,,,,Bulk Deals Data,"date, symbol, name, clientName, buySell, qty, watp, remarks",,,,,,,,,,,,,,,,,,,,20-Mar-2025,Oricon Enterprises Ltd,ORIENTAL ENTERPRISES,SELL,1250000,39.44,-
PANACEABIO,,,,,,,,,,,,,,,,,,Bulk Deals Data,"date, symbol, name, clientName, buySell, qty, watp, remarks",,,,,,,,,,,,,,,,,,,,20-Mar-2025,Panacea Biotec Ltd.,MAGIC-SQUARE HOSPITALITYSERVICES LLP,SELL,800000,453.02,-
PARAMOUNT,,,,,,,,,,,,,,,,,,Bulk Deals Data,"date, symbol, name, clientName, buySell, qty, watp, remarks",,,,,,,,,,,,,,,,,,,,20-Mar-2025,Paramount Dye Tec Limited,VINEY EQUITY MARKET LLP,SELL,52800,48.55,-
PREMIUM,,,,,,,,,,,,,,,,,,Bulk Deals Data,"date, symbol, name, clientName, buySell, qty, watp, remarks",,,,,,,,,,,,,,,,,,,,20-Mar-2025,Premium Plast Limited,COMFORT CAPITAL PRIVATE LIMITED,SELL,150000,33.55,-
PREMIUM,,,,,,,,,,,,,,,,,,Bulk Deals Data,"date, symbol, name, clientName, buySell, qty, watp, remarks",,,,,,,,,,,,,,,,,,,,20-Mar-2025,Premium Plast Limited,SAPNA MAHESH RUPANI,BUY,114000,33.43,-
QUADFUTURE,,,,,,,,,,,,,,,,,,Bulk Deals Data,"date, symbol, name, clientName, buySell, qty, watp, remarks",,,,,,,,,,,,,,,,,,,,20-Mar-2025,Quadrant Future Tek Ltd,GRAVITON RESEARCH CAPITAL LLP,BUY,275687,529.6,-
QUADFUTURE,,,,,,,,,,,,,,,,,,Bulk Deals Data,"date, symbol, name, clientName, buySell, qty, watp, remarks",,,,,,,,,,,,,,,,,,,,20-Mar-2025,Quadrant Future Tek Ltd,GRAVITON RESEARCH CAPITAL LLP,SELL,275687,529.48,-
QUADFUTURE,,,,,,,,,,,,,,,,,,Bulk Deals Data,"date, symbol, name, clientName, buySell, qty, watp, remarks",,,,,,,,,,,,,,,,,,,,20-Mar-2025,Quadrant Future Tek Ltd,HRTI PRIVATE LIMITED,BUY,218174,524.92,-
QUADFUTURE,,,,,,,,,,,,,,,,,,Bulk Deals Data,"date, symbol, name, clientName, buySell, qty, watp, remarks",,,,,,,,,,,,,,,,,,,,20-Mar-2025,Quadrant Future Tek Ltd,HRTI PRIVATE LIMITED,SELL,336911,530.12,-
QUADFUTURE,,,,,,,,,,,,,,,,,,Bulk Deals Data,"date, symbol, name, clientName, buySell, qty, watp, remarks",,,,,,,,,,,,,,,,,,,,20-Mar-2025,Quadrant Future Tek Ltd,MATHISYS ADVISORS LLP,BUY,227997,527.78,-
QUADFUTURE,,,,,,,,,,,,,,,,,,Bulk Deals Data,"date, symbol, name, clientName, buySell, qty, watp, remarks",,,,,,,,,,,,,,,,,,,,20-Mar-2025,Quadrant Future Tek Ltd,MATHISYS ADVISORS LLP,SELL,227892,528.94,-
QUADFUTURE,,,,,,,,,,,,,,,,,,Bulk Deals Data,"date, symbol, name, clientName, buySell, qty, watp, remarks",,,,,,,,,,,,,,,,,,,,20-Mar-2025,Quadrant Future Tek Ltd,QE SECURITIES LLP,BUY,228443,525.65,-
QUADFUTURE,,,,,,,,,,,,,,,,,,Bulk Deals Data,"date, symbol, name, clientName, buySell, qty, watp, remarks",,,,,,,,,,,,,,,,,,,,20-Mar-2025,Quadrant Future Tek Ltd,QE SECURITIES LLP,SELL,227526,530.1,-
QUADFUTURE,,,,,,,,,,,,,,,,,,Bulk Deals Data,"date, symbol, name, clientName, buySell, qty, watp, remarks",,,,,,,,,,,,,,,,,,,,20-Mar-2025,Quadrant Future Tek Ltd,YUGA STOCKS AND COMMODITIES PRIVATE LIMITED,BUY,103556,530.64,-
QUADFUTURE,,,,,,,,,,,,,,,,,,Bulk Deals Data,"date, symbol, name, clientName, buySell, qty, watp, remarks",,,,,,,,,,,,,,,,,,,,20-Mar-2025,Quadrant Future Tek Ltd,YUGA STOCKS AND COMMODITIES PRIVATE LIMITED,SELL,211556,542.71,-
RAJESHEXPO,,,,,,,,,,,,,,,,,,Bulk Deals Data,"date, symbol, name, clientName, buySell, qty, watp, remarks",,,,,,,,,,,,,,,,,,,,20-Mar-2025,Rajesh Exports Ltd.,GRAVITON RESEARCH CAPITAL LLP,BUY,1629112,181.21,-
RAJESHEXPO,,,,,,,,,,,,,,,,,,Bulk Deals Data,"date, symbol, name, clientName, buySell, qty, watp, remarks",,,,,,,,,,,,,,,,,,,,20-Mar-2025,Rajesh Exports Ltd.,GRAVITON RESEARCH CAPITAL LLP,SELL,1629112,181.12,-
RHIM,,,,,,,,,,,,,,,,,,Bulk Deals Data,"date, symbol, name, clientName, buySell, qty, watp, remarks",,,,,,,,,,,,,,,,,,,,20-Mar-2025,RHI MAGNESITA INDIA LTD,GRAVITON RESEARCH CAPITAL LLP,BUY,1149792,466.36,-
RHIM,,,,,,,,,,,,,,,,,,Bulk Deals Data,"date, symbol, name, clientName, buySell, qty, watp, remarks",,,,,,,,,,,,,,,,,,,,20-Mar-2025,RHI MAGNESITA INDIA LTD,GRAVITON RESEARCH CAPITAL LLP,SELL,1149792,466.35,-
RVTH,,,,,,,,,,,,,,,,,,Bulk Deals Data,"date, symbol, name, clientName, buySell, qty, watp, remarks",,,,,,,,,,,,,,,,,,,,20-Mar-2025,Revathi Equipment India L,NAGARAJA NAIDU VADLAMUDI,SELL,24000,970.7,-
RVTH,,,,,,,,,,,,,,,,,,Bulk Deals Data,"date, symbol, name, clientName, buySell, qty, watp, remarks",,,,,,,,,,,,,,,,,,,,20-Mar-2025,Revathi Equipment India L,SUNEEL  VADLAMUDI,BUY,23941,970.77,-
SATIPOLY,,,,,,,,,,,,,,,,,,Bulk Deals Data,"date, symbol, name, clientName, buySell, qty, watp, remarks",,,,,,,,,,,,,,,,,,,,20-Mar-2025,Sati Poly Plast Limited,BHAVNA GROVER,BUY,44500,76,-
SATIPOLY,,,,,,,,,,,,,,,,,,Bulk Deals Data,"date, symbol, name, clientName, buySell, qty, watp, remarks",,,,,,,,,,,,,,,,,,,,20-Mar-2025,Sati Poly Plast Limited,MANISH GROVER,SELL,55000,76.31,-
SCI,,,,,,,,,,,,,,,,,,Bulk Deals Data,"date, symbol, name, clientName, buySell, qty, watp, remarks",,,,,,,,,,,,,,,,,,,,20-Mar-2025,Shipping Corp of India,GRAVITON RESEARCH CAPITAL LLP,BUY,5138872,175.93,-
SCI,,,,,,,,,,,,,,,,,,Bulk Deals Data,"date, symbol, name, clientName, buySell, qty, watp, remarks",,,,,,,,,,,,,,,,,,,,20-Mar-2025,Shipping Corp of India,GRAVITON RESEARCH CAPITAL LLP,SELL,5138872,175.84,-
SMVD,,,,,,,,,,,,,,,,,,Bulk Deals Data,"date, symbol, name, clientName, buySell, qty, watp, remarks",,,,,,,,,,,,,,,,,,,,20-Mar-2025,SMVD Poly Pack Limited,ATUL JAIN,BUY,80800,11.2,-
SONAMAC,,,,,,,,,,,,,,,,,,Bulk Deals Data,"date, symbol, name, clientName, buySell, qty, watp, remarks",,,,,,,,,,,,,,,,,,,,20-Mar-2025,Sona Machinery Limited,MUKESH SHARMA FAMILY TRUST,SELL,69000,91,-
SOTAC,,,,,,,,,,,,,,,,,,Bulk Deals Data,"date, symbol, name, clientName, buySell, qty, watp, remarks",,,,,,,,,,,,,,,,,,,,20-Mar-2025,Sotac Pharmaceuticals Ltd,CRAFT EMERGING MARKET FUND PCC- ELITE CAPITAL FUND,BUY,183600,120,-
SOTAC,,,,,,,,,,,,,,,,,,Bulk Deals Data,"date, symbol, name, clientName, buySell, qty, watp, remarks",,,,,,,,,,,,,,,,,,,,20-Mar-2025,Sotac Pharmaceuticals Ltd,GOENKA BUSINESS & FINANCE LIMITED,SELL,183600,120,-
SPARC,,,,,,,,,,,,,,,,,,Bulk Deals Data,"date, symbol, name, clientName, buySell, qty, watp, remarks",,,,,,,,,,,,,,,,,,,,20-Mar-2025,Sun Pharma Advanced Resea,GRAVITON RESEARCH CAPITAL LLP,BUY,2499621,145.83,-
SPARC,,,,,,,,,,,,,,,,,,Bulk Deals Data,"date, symbol, name, clientName, buySell, qty, watp, remarks",,,,,,,,,,,,,,,,,,,,20-Mar-2025,Sun Pharma Advanced Resea,GRAVITON RESEARCH CAPITAL LLP,SELL,2499621,145.76,-
VERTEXPLUS,,,,,,,,,,,,,,,,,,Bulk Deals Data,"date, symbol, name, clientName, buySell, qty, watp, remarks",,,,,,,,,,,,,,,,,,,,20-Mar-2025,Vertexplus Technologies L,BIKENKUMAR SURESHBHAI PATEL,BUY,32400,139.3,-
VERTEXPLUS,,,,,,,,,,,,,,,,,,Bulk Deals Data,"date, symbol, name, clientName, buySell, qty, watp, remarks",,,,,,,,,,,,,,,,,,,,20-Mar-2025,Vertexplus Technologies L,CRAFT EMERGING MARKET FUND PCC- ELITE CAPITAL FUND,BUY,39000,132,-
VERTEXPLUS,,,,,,,,,,,,,,,,,,Bulk Deals Data,"date, symbol, name, clientName, buySell, qty, watp, remarks",,,,,,,,,,,,,,,,,,,,20-Mar-2025,Vertexplus Technologies L,GOENKA BUSINESS & FINANCE LIMITED,SELL,39000,132,-
VERTEXPLUS,,,,,,,,,,,,,,,,,,Bulk Deals Data,"date, symbol, name, clientName, buySell, qty, watp, remarks",,,,,,,,,,,,,,,,,,,,20-Mar-2025,Vertexplus Technologies L,KETANKUMAR RAGHURAM THAKKAR HUF,SELL,35400,139.51,-
VERTEXPLUS,,,,,,,,,,,,,,,,,,Bulk Deals Data,"date, symbol, name, clientName, buySell, qty, watp, remarks",,,,,,,,,,,,,,,,,,,,20-Mar-2025,Vertexplus Technologies L,MEET D THAKKAR HUF,SELL,33000,139.8,-
VERTEXPLUS,,,,,,,,,,,,,,,,,,Bulk Deals Data,"date, symbol, name, clientName, buySell, qty, watp, remarks",,,,,,,,,,,,,,,,,,,,20-Mar-2025,Vertexplus Technologies L,RUTU PARTH PATEL,BUY,68400,139.67,-
VERTEXPLUS,,,,,,,,,,,,,,,,,,Bulk Deals Data,"date, symbol, name, clientName, buySell, qty, watp, remarks",,,,,,,,,,,,,,,,,,,,20-Mar-2025,Vertexplus Technologies L,SMIT S THAKKARHUF,SELL,37200,139.74,-
VERTEXPLUS,,,,,,,,,,,,,,,,,,Bulk Deals Data,"date, symbol, name, clientName, buySell, qty, watp, remarks",,,,,,,,,,,,,,,,,,,,20-Mar-2025,Vertexplus Technologies L,SURESH RAGHURAMBHAI THAKKAR HUF,SELL,33000,139.73,-
VERTEXPLUS,,,,,,,,,,,,,,,,,,Bulk Deals Data,"date, symbol, name, clientName, buySell, qty, watp, remarks",,,,,,,,,,,,,,,,,,,,20-Mar-2025,Vertexplus Technologies L,ZETA GLOBAL FUNDS (OEIC) PCC LIMITED-ZETA SERIES B FUND PC,BUY,30000,139.8,-
VLEGOV,,,,,,,,,,,,,,,,,,Bulk Deals Data,"date, symbol, name, clientName, buySell, qty, watp, remarks",,,,,,,,,,,,,,,,,,,,20-Mar-2025,VL E Gov and IT Sol Ltd,MONEYLEADER FINANCE INDIA PRIVATE LIMITED,BUY,772331,35.97,-
VLEGOV,,,,,,,,,,,,,,,,,,Bulk Deals Data,"date, symbol, name, clientName, buySell, qty, watp, remarks",,,,,,,,,,,,,,,,,,,,20-Mar-2025,VL E Gov and IT Sol Ltd,NEO APEX VENTURE LLP,SELL,825000,35.97,-
WALCHANNAG,,,,,,,,,,,,,,,,,,Bulk Deals Data,"date, symbol, name, clientName, buySell, qty, watp, remarks",,,,,,,,,,,,,,,,,,,,20-Mar-2025,Walchandnagar Ind. Ltd,KHAZANA TRADELINKS PRIVATE LIMITED,BUY,300000,167,-
WALCHANNAG,,,,,,,,,,,,,,,,,,Bulk Deals Data,"date, symbol, name, clientName, buySell, qty, watp, remarks",,,,,,,,,,,,,,,,,,,,20-Mar-2025,Walchandnagar Ind. Ltd,SUBHKAM VENTURES I PVT LTD,SELL,300000,167,-
ZIMLAB,,,,,,,,,,,,,,,,,,Bulk Deals Data,"date, symbol, name, clientName, buySell, qty, watp, remarks",,,,,,,,,,,,,,,,,,,,20-Mar-2025,Zim Laboratories Limited,YUGA STOCKS AND COMMODITIES PRIVATE LIMITED,BUY,41859,99.73,-
ZIMLAB,,,,,,,,,,,,,,,,,,Bulk Deals Data,"date, symbol, name, clientName, buySell, qty, watp, remarks",,,,,,,,,,,,,,,,,,,,20-Mar-2025,Zim Laboratories Limited,YUGA STOCKS AND COMMODITIES PRIVATE LIMITED,SELL,477321,93.51,-
APTUS,,,,,,,,,,,,,,,,,,Block Deals Data,"date, symbol, name, clientName, buySell, qty, watp, remarks",,,,,,,,,,,,,,,,,,,,18-Mar-2025,Aptus Value Hsg Fin I Ltd,EAST BRIDGE CAPITAL MASTER FUND I LTD,BUY,911871,289,
APTUS,,,,,,,,,,,,,,,,,,Block Deals Data,"date, symbol, name, clientName, buySell, qty, watp, remarks",,,,,,,,,,,,,,,,,,,,18-Mar-2025,Aptus Value Hsg Fin I Ltd,EAST BRIDGE CAPITAL MASTER FUND LIMITED,SELL,911871,289,
AXISBANK,,,,,,,,,,,,,,,,,,Block Deals Data,"date, symbol, name, clientName, buySell, qty, watp, remarks",,,,,,,,,,,,,,,,,,,,18-Mar-2025,Axis Bank Limited,SEI TRUST COMPANY AS TRUSTEE OBO ALLSPRING EMERGING MARKETS EQUITY CIT,BUY,628353,1034.15,
AXISBANK,,,,,,,,,,,,,,,,,,Block Deals Data,"date, symbol, name, clientName, buySell, qty, watp, remarks",,,,,,,,,,,,,,,,,,,,18-Mar-2025,Axis Bank Limited,WELLS FARGO EMERGING MARKETS EQUITY CIT,SELL,628353,1034.15,
BAJFINANCE,,,,,,,,,,,,,,,,,,Block Deals Data,"date, symbol, name, clientName, buySell, qty, watp, remarks",,,,,,,,,,,,,,,,,,,,18-Mar-2025,Bajaj Finance Limited,SEI TRUST COMPANY AS TRUSTEE OBO ALLSPRING EMERGING MARKETS EQUITY CIT,BUY,44149,8580.35,
BAJFINANCE,,,,,,,,,,,,,,,,,,Block Deals Data,"date, symbol, name, clientName, buySell, qty, watp, remarks",,,,,,,,,,,,,,,,,,,,18-Mar-2025,Bajaj Finance Limited,WELLS FARGO EMERGING MARKETS EQUITY CIT,SELL,44149,8580.35,
JUBLPHARMA,,,,,,,,,,,,,,,,,,Block Deals Data,"date, symbol, name, clientName, buySell, qty, watp, remarks",,,,,,,,,,,,,,,,,,,,18-Mar-2025,Jubilant Pharmova Ltd,EAST BRIDGE CAPITAL MASTER FUND I LTD,BUY,623585,856.25,
JUBLPHARMA,,,,,,,,,,,,,,,,,,Block Deals Data,"date, symbol, name, clientName, buySell, qty, watp, remarks",,,,,,,,,,,,,,,,,,,,18-Mar-2025,Jubilant Pharmova Ltd,EAST BRIDGE CAPITAL MASTER FUND LIMITED,SELL,623585,856.25,
RELIANCE,,,,,,,,,,,,,,,,,,Block Deals Data,"date, symbol, name, clientName, buySell, qty, watp, remarks",,,,,,,,,,,,,,,,,,,,18-Mar-2025,Reliance Industries Ltd,SEI TRUST COMPANY AS TRUSTEE OBO ALLSPRING EMERGING MARKETS EQUITY CIT,BUY,170000,1238.85,
RELIANCE,,,,,,,,,,,,,,,,,,Block Deals Data,"date, symbol, name, clientName, buySell, qty, watp, remarks",,,,,,,,,,,,,,,,,,,,18-Mar-2025,Reliance Industries Ltd,WELLS FARGO EMERGING MARKETS EQUITY CIT,SELL,170000,1238.85,
RELIANCE,,,,,,,,,,,,,,,,,,Short Deals Data,"date, symbol, name, clientName, buySell, qty, watp, remarks",,,,,,,,,,,,,,,,,,,,20-Mar-2025,RELIANCE INDUSTRIES LTD,,,15,,
VOLTAS,,,,,,,,,,,,,,,,,,Short Deals Data,"date, symbol, name, clientName, buySell, qty, watp, remarks",,,,,,,,,,,,,,,,,,,,20-Mar-2025,VOLTAS LTD,,,22,,
BPCL,,,,,,,,,,,,,,,,,,Short Deals Data,"date, symbol, name, clientName, buySell, qty, watp, remarks",,,,,,,,,,,,,,,,,,,,20-Mar-2025,BHARAT PETROLEUM CORP  LT,,,10,,
TCS,,,,,,,,,,,,,,,,,,Short Deals Data,"date, symbol, name, clientName, buySell, qty, watp, remarks",,,,,,,,,,,,,,,,,,,,20-Mar-2025,TATA CONSULTANCY SERV LT,,,40,,
SENCO,,,,,,,,,,,,,,,,,,Short Deals Data,"date, symbol, name, clientName, buySell, qty, watp, remarks",,,,,,,,,,,,,,,,,,,,20-Mar-2025,SENCO GOLD LIMITED,,,3,,
PAGEIND,,,,,,,,,,,,,,,,,,Short Deals Data,"date, symbol, name, clientName, buySell, qty, watp, remarks",,,,,,,,,,,,,,,,,,,,20-Mar-2025,PAGE INDUSTRIES LTD,,,137,,
BSE,,,,,,,,,,,,,,,,,,Short Deals Data,"date, symbol, name, clientName, buySell, qty, watp, remarks",,,,,,,,,,,,,,,,,,,,20-Mar-2025,BSE LIMITED,,,34,,
SAFARI,,,,,,,,,,,,,,,,,,Short Deals Data,"date, symbol, name, clientName, buySell, qty, watp, remarks",,,,,,,,,,,,,,,,,,,,20-Mar-2025,SAFARI IND (INDIA) LTD,,,3,,
JIOFIN,,,,,,,,,,,,,,,,,,Short Deals Data,"date, symbol, name, clientName, buySell, qty, watp, remarks",,,,,,,,,,,,,,,,,,,,20-Mar-2025,JIO FIN SERVICES LTD,,,500,,
ONGC,,,,,,,,,,,,,,,,,,Short Deals Data,"date, symbol, name, clientName, buySell, qty, watp, remarks",,,,,,,,,,,,,,,,,,,,20-Mar-2025,OIL AND NATURAL GAS CORP.,,,100,,
GODREJAGRO,,,,,,,,,,,,,,,,,,Short Deals Data,"date, symbol, name, clientName, buySell, qty, watp, remarks",,,,,,,,,,,,,,,,,,,,20-Mar-2025,GODREJ AGROVET LIMITED,,,11,,
SONACOMS,,,,,,,,,,,,,,,,,,Short Deals Data,"date, symbol, name, clientName, buySell, qty, watp, remarks",,,,,,,,,,,,,,,,,,,,20-Mar-2025,SONA BLW PRECISION FRGS L,,,55025,,
CASTROLIND,,,,,,,,,,,,,,,,,,Short Deals Data,"date, symbol, name, clientName, buySell, qty, watp, remarks",,,,,,,,,,,,,,,,,,,,20-Mar-2025,CASTROL INDIA LIMITED,,,1000,,
KEI,,,,,,,,,,,,,,,,,,Short Deals Data,"date, symbol, name, clientName, buySell, qty, watp, remarks",,,,,,,,,,,,,,,,,,,,20-Mar-2025,KEI INDUSTRIES LTD.      ,,,15,,
HINDPETRO,,,,,,,,,,,,,,,,,,Short Deals Data,"date, symbol, name, clientName, buySell, qty, watp, remarks",,,,,,,,,,,,,,,,,,,,20-Mar-2025,HINDUSTAN PETROLEUM CORP,,,218,,
GMMPFAUDLR,,,,,,,,,,,,,,,,,,Short Deals Data,"date, symbol, name, clientName, buySell, qty, watp, remarks",,,,,,,,,,,,,,,,,,,,20-Mar-2025,GMM PFAUDLR LIMITED,,,4,,
CCL,,,,,,,,,,,,,,,,,,Short Deals Data,"date, symbol, name, clientName, buySell, qty, watp, remarks",,,,,,,,,,,,,,,,,,,,20-Mar-2025,CCL PRODUCTS (I) LTD     ,,,39,,
INDUSINDBK,,,,,,,,,,,,,,,,,,Short Deals Data,"date, symbol, name, clientName, buySell, qty, watp, remarks",,,,,,,,,,,,,,,,,,,,20-Mar-2025,INDUSIND BANK LIMITED,,,20,,
ULTRACEMCO,,,,,,,,,,,,,,,,,,Short Deals Data,"date, symbol, name, clientName, buySell, qty, watp, remarks",,,,,,,,,,,,,,,,,,,,20-Mar-2025,ULTRATECH CEMENT LIMITED,,,50,,
EICHERMOT,,,,,,,,,,,,,,,,,,Short Deals Data,"date, symbol, name, clientName, buySell, qty, watp, remarks",,,,,,,,,,,,,,,,,,,,20-Mar-2025,EICHER MOTORS LIMITED,,,6,,
HINDALCO,,,,,,,,,,,,,,,,,,Short Deals Data,"date, symbol, name, clientName, buySell, qty, watp, remarks",,,,,,,,,,,,,,,,,,,,20-Mar-2025,HINDALCO  INDUSTRIES  LTD,,,75,,
VEDL,,,,,,,,,,,,,,,,,,Short Deals Data,"date, symbol, name, clientName, buySell, qty, watp, remarks",,,,,,,,,,,,,,,,,,,,20-Mar-2025,VEDANTA LIMITED,,,35,,
TARC,,,,,,,,,,,,,,,,,,Short Deals Data,"date, symbol, name, clientName, buySell, qty, watp, remarks",,,,,,,,,,,,,,,,,,,,20-Mar-2025,TARC LIMITED,,,820,,
ATGL,,,,,,,,,,,,,,,,,,Short Deals Data,"date, symbol, name, clientName, buySell, qty, watp, remarks",,,,,,,,,,,,,,,,,,,,20-Mar-2025,ADANI TOTAL GAS LIMITED,,,16275,,
GRSE,,,,,,,,,,,,,,,,,,Short Deals Data,"date, symbol, name, clientName, buySell, qty, watp, remarks",,,,,,,,,,,,,,,,,,,,20-Mar-2025,GARDEN REACH SHIP&ENG LTD,,,1120,,
DRREDDY,,,,,,,,,,,,,,,,,,Short Deals Data,"date, symbol, name, clientName, buySell, qty, watp, remarks",,,,,,,,,,,,,,,,,,,,20-Mar-2025,DR. REDDY'S LABORATORIES,,,102,,
BDL,,,,,,,,,,,,,,,,,,Short Deals Data,"date, symbol, name, clientName, buySell, qty, watp, remarks",,,,,,,,,,,,,,,,,,,,20-Mar-2025,BHARAT DYNAMICS LIMITED,,,20,,
SUZLON,,,,,,,,,,,,,,,,,,Short Deals Data,"date, symbol, name, clientName, buySell, qty, watp, remarks",,,,,,,,,,,,,,,,,,,,20-Mar-2025,SUZLON ENERGY LIMITED,,,5,,
